{
    "loss": 1.406076192855835,
    "accuracy": 0.6833333373069763
}